completed_trips,date,horizon_seconds,input_vehicles,max_road_occupancy,mean_completed_travel_time,mean_joint_actions_evaluated,mean_present_vehicles,mean_waiting_vehicles,mode,phase_switches,queue_vehicle_seconds,rollout_decisions,simulator,spillback_road_time_fraction,split,throughput_exit_vehicles,vehicle_seconds
3044.018177864531,2023-04-24,,6684,18.24504751493722,429.2747924052013,,949.2310006651877,757.2520355822464,FixedTime,0,2726107.328096087,0,store_and_forward_queue_v2_corrected_rollout_v8,0.274198717948718,test,2875.0181778645297,3417231.602394676
2984.7300284500975,2023-04-24,,6684,6.8701376643226055,266.33026014889504,,906.1112426661942,713.7042850887021,MaxPressure,231,2569335.4263193277,0,store_and_forward_queue_v2_corrected_rollout_v8,0.2701923076923077,test,2813.730028450097,3262000.473598299
3032.6517746677705,2023-04-24,60,6684,14.408597590694558,314.0972241461039,63.475,913.9198863510887,721.6559128072911,RolloutZeroFuture,207,2597961.286106248,120,store_and_forward_queue_v2_corrected_rollout_v8,0.27313034188034185,test,2859.0253991431046,3290111.5908639194
2832.3036880681343,2023-04-24,60,6684,12.670544826348152,283.72286812265145,63.475,952.4079869211176,760.3878997907308,RolloutCausalForecast,183,2737396.4392466308,120,store_and_forward_queue_v2_corrected_rollout_v8,0.27371794871794874,test,2661.677312543468,3428668.7529160236
2869.007107176797,2023-04-24,60,6684,13.067676164102151,322.02780565963434,63.475,980.8269408940394,788.6667342585897,RolloutEventOracle,191,2839200.243330923,120,store_and_forward_queue_v2_corrected_rollout_v8,0.2842948717948718,test,2701.0071071767966,3530976.9872185416
3129.570349225945,2023-04-25,,5743,10.009561022414218,332.701078662779,,532.7777707448785,412.416628711854,FixedTime,0,1484699.8633626744,0,store_and_forward_queue_v2_corrected_rollout_v8,0.19033119658119657,test,2998.5703492259454,1917999.9746815625
3153.341776218974,2023-04-25,,5743,2.4830449349963892,234.65012108621585,,490.77731980941894,358.343887095173,MaxPressure,237,1290037.9935426228,0,store_and_forward_queue_v2_corrected_rollout_v8,0.1606837606837607,test,3012.341776218972,1766798.3513139081
3347.3378568779535,2023-04-25,60,5743,2.035990225945164,250.4913542406028,63.475,452.34941458632727,326.77087608205244,RolloutZeroFuture,227,1176375.1538953888,120,store_and_forward_queue_v2_corrected_rollout_v8,0.1764957264957265,test,3200.337856877953,1628457.8925107783
2989.7602464494653,2023-04-25,60,5743,4.715192571553574,210.09779213657848,63.475,517.4285240551883,391.1115079788666,RolloutCausalForecast,199,1408001.4287239197,120,store_and_forward_queue_v2_corrected_rollout_v8,0.19241452991452992,test,2863.760246449464,1862742.6865986777
3345.3336148886888,2023-04-25,60,5743,2.5143109125319096,248.75534351693074,63.475,459.59274018498127,332.1109588845783,RolloutEventOracle,220,1195599.451984482,120,store_and_forward_queue_v2_corrected_rollout_v8,0.16955128205128206,test,3201.5054370227845,1654533.8646659325
3371.2334851932856,2023-04-26,,5355,2.388654943308739,219.49143452229293,,309.3965879443362,221.3283723558684,FixedTime,0,796782.1404811263,0,store_and_forward_queue_v2_corrected_rollout_v8,0.12606837606837606,test,3150.233485193286,1113827.7165996104
3595.3126368482644,2023-04-26,,5355,1.121384521511452,158.96801789179463,,210.07755285261882,129.8833892660491,MaxPressure,238,467580.20135777676,0,store_and_forward_queue_v2_corrected_rollout_v8,0.061057692307692306,test,3352.3126368482644,756279.1902694277
3605.961404702669,2023-04-26,60,5355,1.2124229126450412,177.02160781852066,63.475,219.75328675917572,141.48644547644585,RolloutZeroFuture,218,509351.203715205,120,store_and_forward_queue_v2_corrected_rollout_v8,0.07216880341880341,test,3362.9614047026685,791111.8323330326
3614.3126368482644,2023-04-26,60,5355,1.1782947521786697,169.3899387019951,63.475,210.557596325751,133.90962448901337,RolloutCausalForecast,221,482074.6481604481,120,store_and_forward_queue_v2_corrected_rollout_v8,0.06212606837606838,test,3371.3126368482644,758007.3467727036
3612.4223375354386,2023-04-26,60,5355,1.091038391133589,170.73347071179384,63.475,213.62708682764082,136.00247246542432,RolloutEventOracle,219,489608.9008755275,120,store_and_forward_queue_v2_corrected_rollout_v8,0.06233974358974359,test,3369.4223375354377,769057.512579507
3423.6947050255067,2023-04-27,,5412,2.9849369785889213,213.350893878791,,293.4396327441223,214.76795835454044,FixedTime,0,773164.6500763455,0,store_and_forward_queue_v2_corrected_rollout_v8,0.12526709401709402,test,3199.3780821218106,1056382.6778788404
3665.499999999999,2023-04-27,,5412,1.091038391133589,167.07587032373033,,218.05321502846658,135.99786494256688,MaxPressure,238,489592.31379324076,0,store_and_forward_queue_v2_corrected_rollout_v8,0.05982905982905983,test,3423.5,784991.5741024797
3640.640493832592,2023-04-27,60,5412,1.132322823403725,169.80316400111892,63.475,217.59095639991372,141.0930634371992,RolloutZeroFuture,218,507935.02837391704,120,store_and_forward_queue_v2_corrected_rollout_v8,0.07088675213675213,test,3401.640493832591,783327.4430396894
3639.2657913303174,2023-04-27,60,5412,1.121384521511452,165.8036262329171,63.475,220.36185132312755,143.99690677963346,RolloutCausalForecast,228,518388.86440668046,120,store_and_forward_queue_v2_corrected_rollout_v8,0.06842948717948719,test,3401.2657913303165,793302.6647632592
3673.999999999998,2023-04-27,60,5412,1.091038391133589,168.31579340497618,63.475,216.37422915830072,138.20009257408466,RolloutEventOracle,223,497520.3332667048,120,store_and_forward_queue_v2_corrected_rollout_v8,0.06581196581196581,test,3434.9999999999995,778947.2249698826
3533.136555048675,2023-04-28,,5855,4.685612116114676,239.86255853811446,,384.6357155714162,280.91314881041035,FixedTime,0,1011287.3357174773,0,store_and_forward_queue_v2_corrected_rollout_v8,0.14134615384615384,test,3319.932444392961,1384688.5760570983
3785.9536263519503,2023-04-28,,5855,1.121384521511452,165.17377836562864,,273.9225574598605,180.86388515265122,MaxPressure,238,651109.9865495444,0,store_and_forward_queue_v2_corrected_rollout_v8,0.07580128205128205,test,3560.9536263519503,986121.2068554978
3780.771003944034,2023-04-28,60,5855,1.1517306518893151,171.7659111191068,63.475,278.6309710358071,188.04731653260268,RolloutZeroFuture,223,676970.3395173696,120,store_and_forward_queue_v2_corrected_rollout_v8,0.08648504273504273,test,3556.7710039440335,1003071.4957289054
3791.4690751143316,2023-04-28,60,5855,1.1517306518893151,176.3921534024367,63.475,273.7199929005458,187.16652805923601,RolloutCausalForecast,230,673799.5010132496,120,store_and_forward_queue_v2_corrected_rollout_v8,0.08456196581196582,test,3568.4690751143316,985391.9744419648
3815.0779233235517,2023-04-28,60,5855,1.0990838653831918,180.201417910868,63.475,272.4491719321666,180.52617244802988,RolloutEventOracle,230,649894.2208129076,120,store_and_forward_queue_v2_corrected_rollout_v8,0.07564102564102564,test,3587.99990205196,980817.0189557998
3090.9897438693024,2023-04-29,,4687,1.220468386894644,184.98696294812663,,165.7127442201346,126.59063794016333,FixedTime,0,455726.296584588,0,store_and_forward_queue_v2_corrected_rollout_v8,0.07954059829059829,test,2914.989743869303,596565.8791924845
3188.9999999999995,2023-04-29,,4687,1.071601881783563,121.17884013004337,,105.65501901048432,91.21946380000624,MaxPressure,238,328390.0696800225,0,store_and_forward_queue_v2_corrected_rollout_v8,0.04225427350427351,test,3006.0,380358.0684377436
3179.0,2023-04-29,60,4687,1.121384521511452,120.38293894510547,63.475,106.5195833952316,93.00731829270694,RolloutZeroFuture,225,334826.345853745,120,store_and_forward_queue_v2_corrected_rollout_v8,0.04449786324786325,test,2995.0,383470.50022283377
3172.6873631517356,2023-04-29,60,4687,1.091038391133589,117.6664665814811,63.475,103.27540275202651,92.2966089905153,RolloutCausalForecast,223,332267.7923658551,120,store_and_forward_queue_v2_corrected_rollout_v8,0.03985042735042735,test,2989.6873631517356,371791.4499072954
3178.1873631517356,2023-04-29,60,4687,1.060692260755726,115.71419290874995,63.475,102.2065593083692,90.5036474147759,RolloutEventOracle,224,325813.13069319323,120,store_and_forward_queue_v2_corrected_rollout_v8,0.03808760683760684,test,2994.1873631517356,367943.6135101291
2451.0,2023-04-30,,3420,1.0,109.37423408175287,,71.67256881510467,66.92580785766675,FixedTime,0,240932.90828760032,0,store_and_forward_queue_v2_corrected_rollout_v8,0.017200854700854702,test,2317.0,258021.2477343768
2476.5,2023-04-30,,3420,0.8791532791461504,78.10014132848778,,50.67986111111111,46.04236111111111,MaxPressure,238,165752.5,0,store_and_forward_queue_v2_corrected_rollout_v8,0.0017094017094017094,test,2340.5,182447.5
2478.0,2023-04-30,60,3420,0.9162396018368067,73.4907183212268,63.475,47.330555555555556,42.703472222222224,RolloutZeroFuture,234,153732.5,120,store_and_forward_queue_v2_corrected_rollout_v8,0.0019764957264957264,test,2343.0,170390.0
2476.5,2023-04-30,60,3420,0.8791532791461504,79.6274984857662,63.475,51.24027777777778,46.61527777777778,RolloutCausalForecast,231,167815.0,120,store_and_forward_queue_v2_corrected_rollout_v8,0.002297008547008547,test,2341.0,184465.0
2480.0,2023-04-30,60,3420,0.8791532791461504,76.72189937390164,63.475,49.45703067979889,44.84036401313222,RolloutEventOracle,228,161425.31044727602,120,store_and_forward_queue_v2_corrected_rollout_v8,0.002457264957264957,test,2344.0,178045.31044727602
