bootstrap_ci_high,bootstrap_ci_low,comparison,days,exact_sign_test_p_two_sided,improved_days,leave_one_out_max,leave_one_out_min,mean_ratio_improvement,metric,ties,worsened_days
0.011488084724326404,-0.12943714805224468,Forecast_vs_ZeroFuture,7,1.0,3,-0.027394197584814303,-0.07156436088415583,-0.060866639818948076,queue_vehicle_seconds,0,4
0.0012525719307487821,-0.05765461407428329,Forecast_vs_ZeroFuture,7,0.453125,2,-0.00998931547001418,-0.029361459494887936,-0.024014460567892547,throughput_exit_vehicles,0,5
0.08179177495795749,-0.04576519404442258,Forecast_vs_ZeroFuture,7,1.0,4,0.033073929961089335,-0.011934930107087516,0.0030918727915192905,spillback_road_time_fraction,0,3
0.10566671035544509,-0.003966616029204168,Forecast_vs_ZeroFuture,7,0.453125,5,0.07145548321596554,0.03308034705682576,0.05822199992303245,mean_completed_travel_time,0,2
0.03075130116895827,-0.07241836065740222,EventOracle_vs_ZeroFuture,7,1.0,4,0.011707946435341114,-0.04336704181009731,-0.03389366911911589,queue_vehicle_seconds,0,3
0.006107658703287334,-0.021413425860135546,EventOracle_vs_ZeroFuture,7,0.453125,5,0.0038390981350948992,-0.00649521735907794,-0.0039419426129049554,throughput_exit_vehicles,0,2
0.12259537006847078,-0.012548313654894857,EventOracle_vs_ZeroFuture,7,0.453125,5,0.08535001770747262,0.02599247806101111,0.0378386336866901,spillback_road_time_fraction,0,2
0.01908907083198276,-0.025396046248613986,EventOracle_vs_ZeroFuture,7,1.0,4,0.0027309665962633456,-0.01064073530195079,-0.004241801429061077,mean_completed_travel_time,0,3
0.05007670075198757,-0.045922399611065756,ZeroFuture_vs_MaxPressure,7,0.453125,2,0.009807768848423545,-0.023335144410816168,0.0007794013480138143,queue_vehicle_seconds,0,5
0.02864592854800832,-0.0023965869815726795,ZeroFuture_vs_MaxPressure,7,1.0,4,0.012786667442816316,0.0011570532660887549,0.009735217791005082,throughput_exit_vehicles,0,3
-0.03368055555555544,-0.15913120567375869,ZeroFuture_vs_MaxPressure,7,0.015625,0,-0.07038686577591471,-0.12751231199254612,-0.08058229257815594,spillback_road_time_fraction,0,7
-0.013787965126533552,-0.12342257646720703,ZeroFuture_vs_MaxPressure,7,0.453125,2,-0.04086802935657837,-0.08100160269233081,-0.07182336479376047,mean_completed_travel_time,0,5
